Native American Youth, NAYA
Transit Center, TC
Park Ride, PR
Park & Ride, PR
Park and Ride, PR
ticket,fare,outlet,store,retail
dmv,motor,vehicles
court house, courthouse
court-house, courthouse
cc,court,courts,courth,courthouse
law,jail,prison,jail,courthouse,enforcement,juvenile,justice,juvenile,correctional
jewvi,juvi,juvenile

first,1st
second,2nd
third,3rd
forth,4th
fifth,5th
sixth,6th
seventh,7th
eighth,8th
nineth,9th
tenth,10th
eleventh,11th
twelfth,12th
thirteenth,13th
fourteenth,14th
fifteenth,15th
sixteenth,16th
seventeenth,17th
eighteenth,18th
nineteenth,19th
twentyth,20th
twentyfirst,21st
twentysecond,22nd
twentythrid,23rd

# USPS Suffix Abbreviations
# http://www.usps.com/ncsc/lookups/abbreviations.html#suffix
st,st.,street,str
ave,ave.,av,av.,avenue,AVNUE,AVENUE,AVENU
dr,drive,dr.,drv,driv,drives
BOULEVARD,BLVD,BOULEVARD,BOUL,BOULEVARD,BOULEVARD,BOULV
BRIDGE,BRDGE,BRG
BYPASS,BYP,BYPA,BYPAS,BYPS
CLIFF,CLF,CLIFFS,CLFS
CLUB,CLB
COMMON,CMN
CORNER,COR,CORNERS,CORS
CENTER,CEN,CENT,CENTER,CENTR,CENTRE,CNTER,CNTR,CTR,CENTERS,CTRS
CIR,CIRC,CIRCL,CIRCLE,CRCL,CIRCLE,CRCLE
COURT,CRT,CT,COURTS
CTSCK,CR,CREEK,CRK
CROSSING,CRSSING,CRSSNG,XING
CRECENT,CRES,CRESCENT,CRESENT,CRSCNT,CRSENT,CRSNT
EXP,EXPR,EXPRESS,EXPRESSWAY,EXPW,EXPY
FALL,FALLS,FLS
FERRY,FRRY,FRY
FIELD,FLD,FIELDS,FLDS
FREEWAY,FREEWY,FRWAY,FRWY,FWY
GARDEN,GARDN,GDN,GRDEN,GRDN,GARDENS,GDNS,GRDNS
GATEWAY,GATEWY,GATWAY,GTWAY,GTWY
GROV,GROVE,GRV,GROVES
HARB,HARBOR,HARBR,HBR,HRBOR,HARBORS
HEIGHT,HEIGHTS,HGTS,HT,HTS
HIGHWAY,HIGHWY,HIWAY,HIWY,HWAY,HWY
HILL,HL,HILLS,HLS
IS,ISLAND,ISLND,ISLANDS,ISLNDS,ISS,ISLE,ISLES
JCT,JCTION,JCTN,JUNCTION,JUNCTN,JUNCTON,JCTNS,JCTS,JUNCTIONS
LAKE,LK,LAKES,LKS
LANDING,LNDG,LNDNG
LA,LANE,LANES,LN
LOOP,LOOPS,LP
MANOR,MNR,MANORS,MNRS
MDW,MEADOW,MDWS,MEADOWS,MEDOWS
MILL,ML,MILLS,MLS
MNT,MOUNT,MT
MNTAIN,MNTN,MOUNTAIN,MOUNTIN,MTIN,MTN,MNTNS,MOUNTAINS
ORCH,ORCHARD,ORCHRD
PARK,PK,PRK,PARKS
PARKWAY,PARKWY,PKWAY,PKWY,PKY,PARKWAYS,PKWYS
PLAZA,PLZ,PLZA
PLACE,PL
PR,PRAIRIE,PRARIE,PRR
RANCH,RANCHES,RNCH,RNCHS
RDG,RDGE,RIDGE,RDGS,RIDGES
RIV,RIVER,RIVR,RVR
RD,ROAD,RDS,ROADS
RTESHLS,SHOALS
SHOAR,SHORE,SHR,SHOARS,SHORES,SHRS
SPG,SPNG,SPRING,SPRNG,SPGS,SPNGS,SPRINGS,SPRNGS
SQ,SQR,SQRE,SQU,SQUARE,SQRS,SQUARES
STA,STATION,STATN,STN
STREAM,STREME,STRM
ST,STR,STREET,STRT,STREETS
SMT,SUMIT,SUMITT,SUMMIT
TER,TERR,TERRACE
TR,TRAIL,TRAILS,TRL,TRLS
TUNEL,TUNL,TUNLS,TUNNEL,TUNNELS,TUNNL
UN,UNION,UNIONS
VALLEY,VALLY,VLLY,VLY,VALLEYS,VLYS
VDCT,VIA,VIADCT,VIADUCT
VIEW,VW,VIEWS,VWS
VILL,VILLAG,VILLAGE,VILLG,VILLIAGE,VLG,VILLAGES,VLGS
VILLE,VL
VIS,VIST,VISTA,VST,VSTA
WAY,WY,WAYS

north, N
south, S
east, E
west, W
north west, northwest
north east, northeast
south west, southwest
south east, southeast
northwest, NW
northeast, NE
southwest, SW
southeast, SE

broadway st, broadway
broadway street, broadway

2nd,Secon
9th,NINTH
ABBOTT,abott
Abe,Ace,Avenue,Avenue Avenue,Avenur,Aveune,Avneue
Abel,Able
Aborn,Abron
Aborn Rd,AbornRd
Agustine,Augustine
Aiprort,Airport
alamaden,Alamden,Almaden,AMADEN,IAlmaden
Alarm Rock,Alum Rock,alumrock
America Center,American Center
Amphitheater,Amphitheatre,Ampitheatre
Aques,Arques,Arquest,Arquez,Arqures,Arsques
aroyo,Aroyyo,arroryo,Arroyo
Arroyo Circle,ArroyoCircle
Atreet,Ctreet,DStreet,fstreeet,Street,Strret,TREET
Auto Mall,Automall
Balitmore,Biltmore
Bascom,Bascome,Bascon
Basin Way,BasinWay
BERNANRDO,Bernarbo,bernardo
berressa,berreyesa,Berreyessa,Berreyssa,berrtessa,berryeassa,Berryeesa,Berryesa,Berryessa,BERRYESSS,Berryyessa,Beryessa,Brryessa
Big Basin,big basing,BIGBASIN
Blbd,Blcd,Blue,Bluv,BLV,Blvd,BLVDC,Bold,nlvd
Bloosom,Blosdom,Blosom,Blososm,Blossom,Blossome,Bossom
Blossom Hill,Blossome Hill,blossomhill
Blossom Hill,BlossomHill
Brahnam,Branham
Braynt,Bryant
Businesses,Bussinesses
Calavaras,Calavares,Calaveras
Calaveras Blvd,CalaverasBlvd
Camden,CANDEM
Campb\pbell,Campbell,Campblel,Capmpbell
caoitol,Capital,Capito,Capitoal,Capitol
Castr4o,Castro
CCeres,Ceres
Cherry Ave,CherryAve
Circle,Crirlce
Cochrae,Cochrance,Cochrane
Coleman,Colman,Cpleman
Colleg,College
Comercial,Commcercial,Commercial,Commercials
Dair Oaks,Fair Oaks
De Anza Blvd,De AnzaBlvd
De Anza,DeAnza
De La Cruz,DeLa Cruz
Del Mar,Delmar
Di Salvo,DiSalvo
Division St,DivisionSt
Dixion,Dixon
Driva,Drive
Eastidge,Eastridge,Eastrige
El Caino Real,El Cameno Real,EL CAMIMO REAL,El Caminio Real,EL CAMINO RAL,El Camino Real,EL CAMINO REL,el caminoreal,EL CAMNO REAL,El Camno Reali,el carmino real,EL Comino Real,EL COMINO REAL,ELCAMINO REAL
Embarcadero,Embarcardero
es,Orad,Raod,Rdn,re,Riad,Road,Roadf,Roas
EVER GREEN,Evergreeg,evergreen
Express way,EXPRESSWAY,Expresswqay,Expwy,EXPWY,Expy,exspress way
Farrel,Farrell
Forest,Forrest
Fruitval,Fruitvale,Fruitvle
Gibraltar,Girbraltar
Gish,GOSH
Granite Rock,Graniterock
Great Mall,great msll,GreatMall
Hamilon,Hamilton
Harrison,Harrisoon
Hilcap,Hill Cap,hillacap,hillca,Hillcap
Hill Cap Avenue,HillcapAvenue
Hillivew,Hillview
Hillsdal,Hillsdale
Hoimestead,Homestead,Homstead
Hollenbeck,Hollenbek,Holllenbeck,HOLLNEBECK
HORING,Horning
Hostetter,Hotstetter
Jackon,Jacksol,Jackson
Jlian,Juliam
Kiefer,Kifer
Lake Side,Lakeside,Lakside
Lake View,LakeView
Land,Lane
Laurel wood,Laurelwood
Liincoln,Lincoln
LOS GATOD,Los Gatos,LosGatos
M8trix,Matrix
main Ste,Main Street
MC CANDLESS,McCandless
MC CARTHY,McCarthy
McGincy,McGlincey,McGlincy
Mc Kee,McKee
Mdddlefield,Midddlefiledd,middle field,middle filed,Middlef9ield,middlefiel,Middlefield,MIDDLEFILD,MIDDLEFILED,Middlfield,Middliefield,Midlefield
Meridan,Meridian
meridian Ave,meridianAve
Milpitas,Milpotas,Mipitas
Moffet,Moffett
Monteray,Montere,Monterery,Monterey,MONTERREY,Montery
MONTEREY ROAD,MONTEREYROAD
Moor Park,Moorepark,Moorpark
Mountain View,Mt View
N 1ST,N1ST
N 4th,N4th
N 5th,N5th
N 6th,N6^th,N6th
Nuttman,Nuttmanm
Oakland,Okaland
Olsen,Olson
Orchard Road,OrchardRoad
Page Mill,Pagemill
Park Victoria,ParkVictoria
Parkway,PY
Parway,Pkwy,Prky,Pwky
Paseo de San Antonio,Paseo die San Antonio
Preston Ave,PrestonAve
Propect,Prospect
Queen,Queesn
Quimbey,Quimby
Quimby Road,QuimbyRoad
Redwodd,Redwood
Regstorff,Rengstoff,Rengstorf,Rengstorff,Rengstroff
River Oak,River Oaks
S11,South 11th
S6th,South 6th
Saint Augustine,St Augustine
San Anotnio,San Antonio,San Antonion
Sanat Cruz,Sans Cruz,Santa Cruz
San Disk,SanDisk
San Felife,San Felip,San Felipe,San Filipe,sanfelipe
San Francisco,SF
Santa Clara,SantaClara
Santa Terersa,Santa Teresa,Santa Terresa,Santa Tersa,Santa Theresa,Santa Tresa,santateresa,sante teresa
San Thomas,San Tomas,SanTomas
S bascom,Sbascom
Scoot,Scot,Scott,Scotts,sScott
seven trees,Seven Tres,SEVENTREES
SILICON VALLEY,SILICONE VALLEY
Silver acreek,Silver Creed,Silvercreek,SIlvery Creek,Siver Creek,SliverCreek,Slivers Creek
Snel,Snell
So,Soiuth,Sotuh,Souh,Sout,South
Steven a creek,Steven Creek,Stevene Creek,Stevens Cree,Stevens Creed,Stevens creek,Stevens Cteek,Stevens Sreek,Stevenscreek,Stevenson’s Creek,Stevesn Creek,STEVNES CREEK,stvevens creek,Stwvwns Creek
Story,STPRY
Sunnyale,Sunnyvale
Sunny Oak,Sunnyoak
Technology,Tehcnology
Tenant,TENNANT
Tomas Aquino,TOMASAQUINO
Tullly,Tully
Tully rd,Tullyrd
Umbarger,Umbarguer
Vineyard,Vineyards
Virgina,Virginia,Vrginia
Walnut,Wanut
washingto,washington
Waverley,Waverly
Weat,Wesrt,West
Willam,William
Williams,WILLIMS
Wolf,Wolfe
Yosemite,Yosimite,Yosmite

